{
  "ablation_study": {
    "T=16 (with-attention)": {
      "average_sops": 81848.74666666667,
      "max_seq_length": 16,
      "ms_per_pair": 0.5495885766666667,
      "pearson_correlation": 0.519679069519043,
      "train_time_seconds": 2.626767148,
      "use_attention": true
    },
    "T=32 (no-attention)": {
      "average_sops": 96565.33333333333,
      "max_seq_length": 32,
      "ms_per_pair": 0.800296238,
      "pearson_correlation": 0.6430823802947998,
      "train_time_seconds": 3.602974748,
      "use_attention": false
    },
    "T=32 (with-attention)": {
      "average_sops": 99902.12266666666,
      "max_seq_length": 32,
      "ms_per_pair": 0.9714554113333334,
      "pearson_correlation": 0.6034943461418152,
      "train_time_seconds": 3.605764866,
      "use_attention": true
    },
    "T=64 (with-attention)": {
      "average_sops": 97130.06933333333,
      "max_seq_length": 64,
      "ms_per_pair": 1.700129414,
      "pearson_correlation": 0.6224607825279236,
      "train_time_seconds": 5.057637341,
      "use_attention": true
    }
  }
}