{
  "heterogeneous": {
    "average_sops": 104164.608,
    "ms_per_pair": 1.1592422853333335,
    "pearson": 0.5629566311836243
  },
  "homogeneous": {
    "average_sops": 104164.608,
    "ms_per_pair": 1.1910796173333336,
    "pearson": 0.5596075057983398
  }
}