{
  "results": {
    "SICK-R": {
      "average_sops": 60108.65417649415,
      "average_spikes": 469.59886075386055,
      "inference_time_seconds": 24.989008336,
      "pearson_correlation": 0.3657208979129791,
      "total_pairs": 9927
    },
    "STS-12": {
      "average_sops": 71542.36293436293,
      "average_spikes": 558.9247104247104,
      "inference_time_seconds": 8.355975264,
      "pearson_correlation": 0.4557279646396637,
      "total_pairs": 3108
    },
    "STS-13": {
      "average_sops": 67477.02777777778,
      "average_spikes": 527.1642795138889,
      "inference_time_seconds": 4.241283985,
      "pearson_correlation": 0.41156071424484253,
      "total_pairs": 1500
    },
    "STS-14": {
      "average_sops": 65854.19286910744,
      "average_spikes": 514.4858817899019,
      "inference_time_seconds": 9.81989323,
      "pearson_correlation": 0.43505555391311646,
      "total_pairs": 3750
    },
    "STS-15": {
      "average_sops": 65582.76879732347,
      "average_spikes": 512.3653812290896,
      "inference_time_seconds": 7.492259127,
      "pearson_correlation": 0.46534860134124756,
      "total_pairs": 3000
    },
    "STS-16": {
      "average_sops": 66225.61224489796,
      "average_spikes": 517.3875956632653,
      "inference_time_seconds": 3.009921813,
      "pearson_correlation": 0.3623366951942444,
      "total_pairs": 1186
    },
    "STS-B": {
      "average_sops": 61185.00387968796,
      "average_spikes": 478.0078428100622,
      "inference_time_seconds": 3.9747210060000002,
      "pearson_correlation": 0.6204671263694763,
      "total_pairs": 1500
    }
  },
  "total_datasets_evaluated": 7,
  "total_inference_time_seconds": 61.88306276100001,
  "total_pairs_evaluated": 23971
}