{
  "energy_metrics": {
    "average_spikes_per_sentence": 603.98,
    "energy_savings_ratio": 132.24278949634095,
    "snn_sops_per_sentence": 77309.44,
    "transformer_macs_estimated": 10223616.0
  },
  "inference_time_seconds": 3.803943138,
  "ms_per_pair": 2.535962092,
  "pearson_correlation": 0.6204671263694763,
  "total_pairs": 1500
}