{
  "controlled_initialization": true,
  "evaluation": {
    "Human-Only (STS-B)": {
      "results": {
        "SICK-R": {
          "ms_per_pair": 0.8614741794096907,
          "n_pairs": 9927,
          "pearson": 0.3714919984340668
        },
        "STS-12": {
          "ms_per_pair": 0.8582526505791507,
          "n_pairs": 3108,
          "pearson": 0.3783858120441437
        },
        "STS-13": {
          "ms_per_pair": 0.8541770686666667,
          "n_pairs": 1500,
          "pearson": 0.38480231165885925
        },
        "STS-14": {
          "ms_per_pair": 0.8603348695999999,
          "n_pairs": 3750,
          "pearson": 0.41910576820373535
        },
        "STS-15": {
          "ms_per_pair": 0.8739806286666667,
          "n_pairs": 3000,
          "pearson": 0.4576113820075989
        },
        "STS-16": {
          "ms_per_pair": 0.938881284148398,
          "n_pairs": 1186,
          "pearson": 0.36078450083732605
        },
        "STS-B": {
          "ms_per_pair": 0.8525224640000001,
          "n_pairs": 1500,
          "pearson": 0.5924116373062134
        },
        "_energy": {
          "average_spikes_per_sentence": 641.9105585916316,
          "energy_savings_ratio": 124.42854994509085,
          "snn_sops_per_sentence": 82164.55149972884,
          "transformer_macs_estimated": 10223616.0
        }
      },
      "train_time_seconds": 3.461741759
    },
    "Knowledge Distillation (AI)": {
      "results": {
        "SICK-R": {
          "ms_per_pair": 0.9004505350055403,
          "n_pairs": 9927,
          "pearson": 0.39047300815582275
        },
        "STS-12": {
          "ms_per_pair": 0.9628169893822394,
          "n_pairs": 3108,
          "pearson": 0.4144718050956726
        },
        "STS-13": {
          "ms_per_pair": 0.9020303873333332,
          "n_pairs": 1500,
          "pearson": 0.4197160303592682
        },
        "STS-14": {
          "ms_per_pair": 0.906678564,
          "n_pairs": 3750,
          "pearson": 0.4467412531375885
        },
        "STS-15": {
          "ms_per_pair": 0.9321810543333333,
          "n_pairs": 3000,
          "pearson": 0.4637439250946045
        },
        "STS-16": {
          "ms_per_pair": 0.930986581787521,
          "n_pairs": 1186,
          "pearson": 0.3394203782081604
        },
        "STS-B": {
          "ms_per_pair": 0.9720547366666666,
          "n_pairs": 1500,
          "pearson": 0.6171419024467468
        },
        "_energy": {
          "average_spikes_per_sentence": 504.58491510575277,
          "energy_savings_ratio": 158.29248479071185,
          "snn_sops_per_sentence": 64586.869133536355,
          "transformer_macs_estimated": 10223616.0
        }
      },
      "train_time_seconds": 30.078659084
    },
    "Unsupervised SimCSE": {
      "results": {
        "SICK-R": {
          "ms_per_pair": 0.9770491548302608,
          "n_pairs": 9927,
          "pearson": 0.3818129003047943
        },
        "STS-12": {
          "ms_per_pair": 1.012547622908623,
          "n_pairs": 3108,
          "pearson": 0.29988449811935425
        },
        "STS-13": {
          "ms_per_pair": 0.9869766853333334,
          "n_pairs": 1500,
          "pearson": 0.30161795020103455
        },
        "STS-14": {
          "ms_per_pair": 0.9948616813333333,
          "n_pairs": 3750,
          "pearson": 0.339535117149353
        },
        "STS-15": {
          "ms_per_pair": 1.0210485343333333,
          "n_pairs": 3000,
          "pearson": 0.31827759742736816
        },
        "STS-16": {
          "ms_per_pair": 1.014007950252951,
          "n_pairs": 1186,
          "pearson": 0.2403915375471115
        },
        "STS-B": {
          "ms_per_pair": 1.055015134,
          "n_pairs": 1500,
          "pearson": 0.4922950863838196
        },
        "_energy": {
          "average_spikes_per_sentence": 1571.8287722664886,
          "energy_savings_ratio": 86.15883062310733,
          "snn_sops_per_sentence": 118660.10629510658,
          "transformer_macs_estimated": 10223616.0
        }
      },
      "train_time_seconds": 27.507015043
    }
  },
  "init_weights_file": "experiment/file_model/init_weights.json"
}